<?xml version="1.0" encoding="utf-8" ?>
<dwsync>
<file name="example1_lrg.jpg" server="srctest.hostzi.com//public_html/" local="129443646220000000" remote="129540936600000000" />
<file name="example1_sml.jpg" server="srctest.hostzi.com//public_html/" local="129443646200000000" remote="129540936600000000" />
<file name="example2_lrg.jpg" server="srctest.hostzi.com//public_html/" local="129443646200000000" remote="129540936600000000" />
<file name="example2_sml.jpg" server="srctest.hostzi.com//public_html/" local="129443646200000000" remote="129540936600000000" />
<file name="example3_lrg.jpg" server="srctest.hostzi.com//public_html/" local="129443646220000000" remote="129540936600000000" />
<file name="example3_sml.jpg" server="srctest.hostzi.com//public_html/" local="129443646200000000" remote="129540936600000000" />
<file name="example4_lrg.jpg" server="srctest.hostzi.com//public_html/" local="129443646220000000" remote="129540936600000000" />
<file name="example4_sml.jpg" server="srctest.hostzi.com//public_html/" local="129443646200000000" remote="129540936600000000" />
<file name="example5_lrg.jpg" server="srctest.hostzi.com//public_html/" local="129443646220000000" remote="129540936600000000" />
<file name="example5_sml.jpg" server="srctest.hostzi.com//public_html/" local="129443646220000000" remote="129540936600000000" />
</dwsync>