<?xml version="1.0" encoding="utf-8" ?>
<dwsync>
<file name="icon_approve.png" server="srctest.hostzi.com//public_html/" local="129443646220000000" remote="129540936600000000" />
<file name="icon_arrow.png" server="srctest.hostzi.com//public_html/" local="129443646240000000" remote="129540936600000000" />
<file name="icon_close_sq.png" server="srctest.hostzi.com//public_html/" local="129443646220000000" remote="129540936600000000" />
<file name="icon_cog.png" server="srctest.hostzi.com//public_html/" local="129443646220000000" remote="129540936600000000" />
<file name="icon_cross.png" server="srctest.hostzi.com//public_html/" local="129443646240000000" remote="129540936600000000" />
<file name="icon_delete.png" server="srctest.hostzi.com//public_html/" local="129443646220000000" remote="129540936600000000" />
<file name="icon_edit.png" server="srctest.hostzi.com//public_html/" local="129443646220000000" remote="129540936600000000" />
<file name="icon_error.png" server="srctest.hostzi.com//public_html/" local="129443646220000000" remote="129540936600000000" />
<file name="icon_info.png" server="srctest.hostzi.com//public_html/" local="129443646220000000" remote="129540936600000000" />
<file name="icon_locked.png" server="srctest.hostzi.com//public_html/" local="129443646200000000" remote="129540936600000000" />
<file name="icon_lrg_calendar.png" server="srctest.hostzi.com//public_html/" local="129443646220000000" remote="129540936600000000" />
<file name="icon_lrg_comment.png" server="srctest.hostzi.com//public_html/" local="129443646220000000" remote="129540936600000000" />
<file name="icon_lrg_create.png" server="srctest.hostzi.com//public_html/" local="129443646220000000" remote="129540936600000000" />
<file name="icon_lrg_media.png" server="srctest.hostzi.com//public_html/" local="129443646220000000" remote="129540936600000000" />
<file name="icon_lrg_support.png" server="srctest.hostzi.com//public_html/" local="129443646220000000" remote="129540936600000000" />
<file name="icon_lrg_user.png" server="srctest.hostzi.com//public_html/" local="129443646220000000" remote="129540936600000000" />
<file name="icon_mail.png" server="srctest.hostzi.com//public_html/" local="129443646220000000" remote="129540936600000000" />
<file name="icon_success.png" server="srctest.hostzi.com//public_html/" local="129443646220000000" remote="129540936600000000" />
<file name="icon_tick.png" server="srctest.hostzi.com//public_html/" local="129443646240000000" remote="129540936600000000" />
<file name="icon_tick_sq.png" server="srctest.hostzi.com//public_html/" local="129443646220000000" remote="129540936600000000" />
<file name="icon_unapprove.png" server="srctest.hostzi.com//public_html/" local="129443646220000000" remote="129540936600000000" />
<file name="icon_unlock.png" server="srctest.hostzi.com//public_html/" local="129443646220000000" remote="129540936600000000" />
<file name="icon_username.png" server="srctest.hostzi.com//public_html/" local="129443646200000000" remote="129540936600000000" />
<file name="icon_warning.png" server="srctest.hostzi.com//public_html/" local="129443646220000000" remote="129540936600000000" />
</dwsync>